Website URL,Date Added
nilseller.com,2026-08-21
vanjek.co,2026-08-21
saivamshi.aethoscompany.in,2026-08-21
nachi.design,2026-08-21
loganliffick.com,2026-08-21
senyil.com,2026-08-21
saadb.me,2026-08-21
adikris.in,2026-08-21
shedsgns.me,2026-08-21
diklein.com,2026-08-21
nelson.co,2026-08-21
newsystems.ca,2026-08-21
aniketpawar.com,2026-08-21
tldr.aryank.space,2026-08-21
dqnamo.com,2026-08-21
gharbi.me,2026-08-21
sorenblank.com,2026-08-21
tanvir.io,2026-08-21
hamzaalabou.com,2026-08-21
stylessh.dev,2026-08-21
joshmillgate.co.uk,2026-08-21
mocarski.design,2026-08-21
jespervos.com,2026-08-21
dom.fyi,2026-08-21
gustavofior.com,2026-08-21
suepark.xyz,2026-08-21
blackduke.com,2026-08-21
designerdada.com,2026-08-21
nutlope.com,2026-08-21
adriengriveau.com,2026-08-21
bastienallard.com,2026-08-21
fennell.cv,2026-08-21
moeritz.io,2026-08-21
pham.codes,2026-08-21
jckhlry.com,2026-08-21
montyanderson.net,2026-08-21
alasdairmonk.com,2026-08-21
sonderpoems.com,2026-08-21
rokadakia.com,2026-08-21
pqoqubbw.dev,2026-08-21
ragojose.com,2026-08-21
victorlbq.fr,2026-08-21
baytas.net,2026-08-21
anirnair.com,2026-08-21
eric.rest,2026-08-21
fennell.cv,2026-08-21
mononym.com,2026-08-21
15min.design,2026-08-21
ash.cv,2026-08-21
faizanwar.com,2026-08-21
tino.works,2026-08-21
leerob.com,2026-08-21
anzy.io,2026-08-21
armond.me,2026-08-21
margins.app,2026-08-21